Year,Month,Alabama,Alaska,Arizona,Arkansas,California,Colorado,Connecticut,Delaware,Florida,Georgia,Hawaii,Idaho,Illinois,Indiana,Iowa,Kansas,Kentucky,Louisiana,Maine,Maryland,Massachusetts,Michigan,Minnesota,Mississippi,Missouri,Montana,Nebraska,Nevada,New Hampshire,New Jersey,New Mexico,New York,North Carolina,North Dakota,Ohio,Oklahoma,Oregon,Pennsylvania,Rhode Island,South Carolina,South Dakota,Tennessee,Texas,Utah,Vermont,Virginia,Washington,West Virginia,Wisconsin,Wyoming,USA
1999,1,18049,2278,11137,11952,49642,19327,3203,1128,18170,12396,0,4763,13294,15337,2592,8023,17909,12849,2319,3695,843,8377,4821,12436,13490,4276,1780,4724,1464,2488,6671,6220,13067,1340,16731,12089,9612,31538,834,9526,1389,18473,45200,5055,1043,13981,7820,8260,7780,2113,501504
1999,2,20583,2413,12716,15338,51756,22101,3539,1077,20957,22189,0,5146,16411,15961,2759,7694,22311,14060,2745,3674,1016,10093,6692,15882,16814,5009,1662,4869,1465,2609,7686,7353,15307,1600,23524,14651,11276,38744,786,12231,1685,23304,49704,5933,1668,16020,8454,11200,10578,2492,593737
1999,3,19424,3206,12792,13694,60736,17040,4176,1314,21988,19846,0,6053,18213,16938,3042,8992,20740,14239,3379,3942,1422,12430,9876,13857,17563,6106,1805,5363,1865,3269,8341,9084,13987,2055,24939,13343,13267,50380,925,11476,1852,23035,48253,6021,1941,17142,9192,10856,14891,2605,626895
1999,4,14823,3929,12636,11130,53204,11512,3942,1081,18174,15542,0,5614,14540,16525,2332,6682,17439,10733,2765,3227,1391,11091,9264,10735,15281,5844,1524,4785,2935,3023,7082,9209,11662,1748,22586,12221,12486,42539,806,8840,1783,17000,40782,5987,1599,13904,7971,9902,14936,2543,537289
1999,5,14043,3278,11330,9536,52888,10451,3619,1095,17938,14672,0,5268,12418,15176,1659,5975,13777,10248,2490,2755,1149,8702,7164,9395,11831,5203,1328,4667,2779,2717,6475,6675,10282,1747,18019,10631,11186,36280,762,8356,1491,15515,40099,5333,1156,13704,7898,7360,10694,2403,479617
1999,6,14651,3201,10854,10128,56262,10842,3019,918,18467,14527,0,4827,11283,14030,1692,6027,14373,11232,2256,2979,1171,7838,7825,9781,11666,5236,1344,4520,2504,2743,6806,5753,11073,1621,16514,10679,11036,33929,719,8184,1464,16197,39834,4393,1142,13138,8281,7481,9133,2426,475999
1999,7,14795,3744,11291,10490,56583,10756,2959,901,18500,15315,4,5009,11734,12594,1908,6148,15838,12224,2758,3127,1288,9378,8296,11045,11503,5173,1499,4521,2939,2727,6546,6075,11447,1947,17398,10499,11891,34381,749,9239,1773,17775,44558,4538,1320,14211,8152,8507,9754,2429,498236
1999,8,17095,4243,11909,13077,61460,20582,3593,1270,18905,18303,0,5596,13891,15226,2954,7834,18205,14292,4036,3596,1597,13901,15832,13121,14727,5995,2299,4839,3514,3118,7147,8693,14853,2710,22262,12145,11452,41888,837,11327,2730,19662,52461,5330,1752,15149,9352,9226,13962,2872,600820
1999,9,20181,3623,12500,16712,62418,25074,3770,1508,19137,19877,0,7833,14118,15027,4907,8454,19990,19591,6213,4429,1827,22309,23407,14959,17471,7592,3274,5328,4198,3056,7656,12725,16809,4149,25418,13792,15553,43473,860,12189,3959,19384,61027,7355,2603,17429,11204,11904,21306,3509,701087
1999,10,22484,5723,13410,18909,69951,32436,4771,1930,22896,25857,0,8027,16831,19328,6890,11495,23993,21964,8503,5941,2499,24410,24308,18299,23087,9588,4965,5044,4972,3641,9754,15515,21476,4745,29770,16106,13688,55596,1102,12450,5524,23761,63426,8016,3129,20783,14336,16359,24664,3254,825606
1999,11,29445,3169,12180,23692,79997,30809,4398,2403,26158,25302,0,6057,20489,22242,7552,13783,28229,23991,4744,8123,2539,29064,14770,23713,24418,5777,4635,5350,4286,4460,8119,16373,26053,2856,38940,19020,18094,65270,1072,14527,3713,28471,66103,7607,2440,23033,10785,17481,22690,2809,887231
1999,12,41183,4264,20166,25686,127115,45396,4314,2969,39534,44387,0,8505,25019,24798,7774,15001,35408,30592,4952,8344,2764,26416,15891,28891,28780,7228,5447,8365,4776,4661,12123,15461,35456,3214,41496,24255,20817,57442,1225,21670,3964,41637,97301,12150,2425,29812,16414,15911,18952,4128,1124479
2000,1,17860,2149,10758,11788,45541,23611,6,1057,19178,16906,0,4312,13444,14663,2607,7987,17459,12767,2606,3043,1768,10190,7635,12200,14172,4407,1766,4238,2733,2602,6299,6267,12795,1708,20200,11957,9658,34599,774,9342,1997,18928,43667,4611,1123,13636,7839,8589,10368,2196,516006
2000,2,19309,2620,12185,15649,45565,24811,0,1133,20590,19331,0,5322,13844,14732,2829,8219,21621,13280,2723,3538,2147,11173,9677,15169,16932,5301,1732,4432,2650,2778,7687,7084,15180,1901,24204,14962,11551,37513,853,11052,2288,21178,47586,5831,1590,15794,9146,11546,13013,2688,581939
2000,3,16992,3054,12255,13091,49556,27655,0,1251,20224,17433,0,5562,14398,15093,2899,8355,19364,12336,3514,3511,2547,12233,13129,12341,16401,6002,1719,4424,3318,3263,7724,8923,12973,2431,24696,12702,12463,48082,939,10049,2500,19940,45172,5549,1961,17908,10114,10854,16615,2683,596198
2000,4,13017,3432,10624,10228,47335,21777,6,1108,17554,12861,0,5112,11478,9487,2285,5896,16387,9776,2966,3251,2490,11429,11916,9143,14225,5744,1429,3963,3068,2985,6240,8495,10616,2210,21170,11516,10993,38820,784,7073,2300,14344,36447,4379,1708,13361,8390,9255,14440,2358,495871
2000,5,11832,3069,9387,8874,45163,17662,0,870,16610,11037,0,4568,9893,4466,1544,5493,12913,9064,2434,2456,1581,8675,7917,8458,10574,5222,1257,3799,2455,2744,5759,5892,8921,1671,15376,9323,9236,32349,669,6325,1901,12968,34399,4006,1222,11352,7633,7143,9922,2069,418153
2000,6,12944,2959,9501,9180,44150,20610,0,880,17684,12188,0,4400,9005,4578,1666,5205,13879,9653,2406,2645,1663,8883,8432,9220,11084,5325,1291,3611,2652,2924,6040,5389,10146,1729,15730,10371,9375,31118,682,6992,1905,12596,36038,3964,1129,11129,7805,7397,9160,2133,429446
2000,7,12449,3259,9545,8724,44850,19288,0,912,16818,12476,0,4376,9329,4507,1714,5153,13354,10187,2686,2912,1499,9731,8832,9271,10612,4646,1479,3585,2720,2571,5401,5674,10305,1718,14878,9467,8159,30932,595,7021,2094,16221,36590,3953,1206,11886,7758,7743,9498,1977,430561
2000,8,16403,3842,10946,12239,50801,25564,0,1042,19575,16131,0,5560,12230,6781,2892,6776,18049,13738,3651,3541,2004,13042,14321,13038,13907,5560,2095,3738,3215,3049,6678,7983,15577,2741,20887,11635,10244,34700,699,10800,3181,19446,51811,5111,1544,13970,9237,9060,14009,2531,555574
2000,9,19885,3553,11305,15124,47738,28961,0,1275,19988,18899,0,7774,12690,7448,4716,8008,20108,17801,5814,4719,2075,23493,23292,14049,16137,7913,3013,4303,4158,3012,7268,12410,17167,4044,24115,13080,15228,41591,754,10789,4695,19087,58520,7019,2231,16397,11769,12058,22239,3625,661337
2000,10,19647,5136,11158,16780,52059,30214,0,1612,22717,21641,0,6845,14398,8968,6264,10516,21371,19434,7569,5317,2530,23312,22736,15286,21208,8972,4833,3991,4508,3276,8509,14527,19283,4584,25035,14820,11427,48106,867,10762,6187,20078,56324,6522,2688,17457,12197,13650,24736,3010,713067
2000,11,27199,2926,10353,21524,66551,29504,0,2002,25304,23046,0,5593,16287,12475,7050,12176,25539,21321,4343,7206,2458,25973,12398,21595,22725,5138,4316,3845,4120,4110,7173,14808,24015,2734,34890,17563,11332,53752,957,13218,3717,26567,59768,5848,2181,21270,9502,16591,20647,2548,776158
2000,12,34362,3960,15038,19678,92052,37763,0,2205,33770,34866,0,7422,16415,11716,6004,12932,29852,25347,4316,6210,2464,20556,11976,24206,23599,6877,4616,5878,3945,3756,9256,12210,30453,2586,32981,19582,15578,45308,841,17803,3958,33315,78797,10627,1716,24348,12599,14371,15838,3766,887714
2001,1,17733,2408,10142,12091,46104,23652,1,1096,22018,16447,0,4513,11623,6265,2571,7760,17820,12131,2587,3251,2257,9790,7896,11451,14123,4339,1812,3674,2817,3187,6254,6526,14061,1716,19819,12757,9486,33830,768,9017,2306,17546,44404,4637,1030,13793,8600,9167,10043,2251,509570
2001,2,18828,2343,11534,14314,37682,23686,0,1077,21396,18298,0,5188,12680,7625,2745,7392,20955,12930,2633,3791,2163,11877,8638,14112,15936,5072,1684,3868,2709,2896,7537,7293,14776,1734,22710,14633,10516,35842,775,10172,2359,19682,45459,5574,1460,15198,9432,10842,13312,2470,545828
2001,3,18034,2912,11131,12759,43249,29322,2,1234,22191,17093,0,5481,13536,7457,3245,8141,20312,12527,3363,3758,2638,13755,12861,12301,16461,6175,1952,4324,3120,3413,7669,8042,13676,2124,24668,12997,12259,44628,779,9343,3066,20877,43405,5295,1750,15645,10178,11306,17988,2514,580956
2001,4,12565,3398,9538,8414,56735,23024,0,929,18123,11043,0,4581,10183,4743,2336,5507,14259,8474,3270,2921,2051,11219,11368,8356,12672,5704,1344,3392,3179,2703,5731,7759,9694,1959,18712,10669,10936,36068,720,6197,2292,12402,33125,4622,1615,11970,8683,8399,14239,2185,470008
2001,5,12138,2965,8937,8055,55552,21077,0,918,17526,10754,0,4420,8910,4778,1506,4860,12909,8720,2570,2365,1824,8457,7746,7929,10296,5144,1194,3516,2411,2690,5457,5955,9156,1627,15075,9219,9011,30480,598,6101,2030,12282,33563,3728,1031,11315,7925,7406,8868,2118,423112
2001,6,13220,2626,9014,8178,46694,21850,13,852,18145,11398,0,4193,8705,4575,1626,4899,13848,10172,2421,2958,1763,8739,7670,8824,10642,5138,1310,3555,2366,2416,5531,5207,10505,1670,15312,9283,10380,29091,580,6400,2174,12825,34614,4130,1059,11170,8686,7652,8425,2069,424573
2001,7,12972,3198,8848,8369,43959,21457,0,813,17825,11183,0,3994,8690,4452,1581,4842,13077,10495,2886,2640,1686,8240,8447,8578,10427,4664,1361,3490,2577,2139,5331,5498,10070,1619,13934,9212,8514,28342,566,6669,2238,12699,35604,3584,1193,11535,8195,7603,8840,2120,416256
2001,8,17684,3902,10687,12857,51398,28926,10,1101,21311,16299,0,5580,11971,6647,2594,7090,19612,15894,3994,3559,1992,13196,14602,13808,15539,6312,2131,3916,3032,2661,7009,7307,16597,2431,20725,13501,10921,35030,766,10439,3341,18714,55757,4901,1416,13733,10522,10176,13619,2916,578126
2001,9,21407,3784,13494,14836,57081,36988,4679,1764,28933,19983,0,7687,14510,8643,4588,8493,20022,18421,6996,5585,2850,24609,22574,12940,18019,8201,3076,5290,5051,3346,7704,15275,17699,4045,29848,14475,16492,49181,1163,11352,4961,19482,65326,7117,2506,17970,13909,12520,21972,3841,740688
2001,10,22887,5244,13682,17601,63370,43018,7442,2192,37238,24835,0,7199,18075,10888,5613,11108,24737,21503,9336,7165,3824,25204,23787,16211,24737,9468,4168,5235,5769,4708,9153,18765,21652,4795,33503,17509,13895,63045,1510,12394,6595,24095,65448,7336,3054,23053,16025,17475,25414,3157,864117
2001,11,23650,3208,11265,17480,54143,35150,5485,2157,29880,23047,0,4956,17287,12816,6600,11439,24365,18025,4829,7756,3224,27520,12154,17566,21246,4843,4129,4255,4490,4828,6360,17047,20804,3032,37254,14596,12249,63358,1062,11727,4320,27264,51425,6799,2502,23635,10309,15276,21096,2601,770509
2001,12,31171,3426,15250,18731,62328,40529,5409,2470,34800,32903,0,6315,18918,12709,6447,11902,29905,23003,4761,7131,3152,24036,14199,20408,25265,6190,4506,6030,4306,4510,7928,13837,28510,2994,36390,18615,15913,57069,945,16112,4652,32904,71871,9795,2040,27163,12762,15024,17593,3562,876389
2002,1,14375,1911,10111,8652,38504,15148,4371,1246,21625,15227,0,3445,12426,6108,2394,6534,15306,9359,2860,3276,2970,12079,8423,8473,13518,3715,1735,3814,3025,3753,4802,7174,10727,1563,20044,9760,9761,42310,866,7132,2557,17735,34684,4583,1240,14014,8299,7115,10981,1978,471708
2002,2,14725,1867,11262,9732,37509,14260,4201,1210,23138,17431,0,3871,13003,6511,2612,6105,17321,10029,2992,3621,2687,13263,8952,10310,14532,3680,1588,3835,2815,3499,5184,7701,10900,1624,22047,10910,10618,43918,751,8225,2750,20352,34220,4699,1657,15358,9008,8669,13716,2072,500940
2002,3,14017,2526,10875,9486,42511,15809,4795,1272,21658,15434,0,4381,13974,6632,3076,6702,16542,9687,3853,3519,3426,15520,12338,8737,15484,4450,1674,4629,3566,4142,5985,8571,10113,2079,23526,10043,12343,53959,855,7845,3165,19590,33863,4959,2116,15481,9774,9149,17472,2212,533815
2002,4,10166,2861,9467,6615,39102,13660,3962,1080,18699,10960,0,3961,11406,4914,2397,5062,13049,7169,3288,3077,2671,13443,12602,6138,13110,5046,1402,3598,3272,3616,4572,8877,7649,1947,20280,9477,11641,46189,723,5586,2771,13784,28393,4404,1843,13285,9247,7466,14721,2009,450657
2002,5,10113,2494,9317,5969,38746,12400,3845,1029,18466,10695,0,3702,9201,4105,1382,4394,10684,7294,2632,2494,2370,10752,7892,5502,9942,4446,1131,3626,2733,3430,4523,6725,6931,1626,15741,7415,9573,39715,740,5277,2269,13289,26793,4021,1379,11665,8477,6067,9683,1926,394621
2002,6,9747,2165,7996,5491,36549,10760,3546,888,19277,10655,0,3067,8142,3897,1316,3983,10026,7410,2376,2670,2333,9799,7184,5407,8625,3826,1031,3084,2565,2998,4180,5655,7111,1572,14597,6633,9396,35682,676,4938,1942,12056,26588,3596,1041,10760,7929,5240,8313,1891,366609
2002,7,9971,2382,8542,5841,36591,11900,3270,960,18402,10874,0,2986,9113,3870,1471,4057,10468,8212,2599,2731,1945,10010,7587,5875,9227,3706,1298,3327,2477,2789,4338,5524,7223,1475,16049,7060,8199,37797,667,5196,2032,13248,28133,3569,1159,11908,8113,5822,8077,1687,379757
2002,8,13849,3284,10247,8771,41049,16702,3906,1260,22379,14969,0,4613,11709,6031,2367,6678,15353,13106,3722,3790,2433,14395,13742,9621,13638,5006,1820,3971,3279,3249,5261,7468,12365,2295,23177,9974,11096,43966,740,8435,3557,18777,44632,4662,1448,15177,9962,7355,12758,2330,520374
2002,9,14652,2641,8653,9461,37498,16028,4078,1323,21525,16023,0,5329,11214,6016,3584,6917,14678,13392,5954,4292,2521,21546,19343,8687,13679,6030,2258,3781,3701,3093,4836,11785,11485,3286,23696,9549,14562,47468,791,8011,4247,16574,46364,5598,2021,15936,11558,9156,17838,2541,555199
2002,10,15985,3966,8957,12551,39581,18322,6049,1770,25079,19978,0,5034,14451,8973,5204,9427,18353,15183,7665,5609,3631,24900,19864,10932,19946,7210,3675,4309,4590,3954,6114,14793,14783,4076,27472,12216,12158,58388,958,8367,5997,19767,46540,5922,2586,20438,12434,11967,21100,2547,653771
2002,11,22113,2561,8607,15074,43898,17115,5218,2057,27178,20387,0,4108,15698,11593,6136,11666,21509,17646,4606,7173,3508,27201,13942,16608,21087,4723,3925,3975,3792,4527,5652,14740,18517,2818,34353,14037,11554,62065,916,10239,4520,26066,48528,6100,2245,22305,11548,13716,20012,2276,699838
2002,12,30468,3405,12165,17540,60906,19937,4909,2221,34630,30244,0,6119,17777,11829,6617,12555,27227,22486,4693,6496,3164,24642,13715,19794,23641,5923,4551,5205,3740,4190,7245,12300,24594,2798,35288,17806,15920,50445,830,15208,4759,31799,67410,9597,1744,25462,14189,13567,16814,3144,811708
2003,1,14956,2599,8288,8855,26778,13873,4439,1239,23087,15438,0,3451,12078,5725,2441,7472,14940,11470,2716,3372,3052,12536,8479,9337,13608,3669,1833,3789,2868,3670,4726,6594,10795,1577,19849,10263,10344,39189,788,7782,2808,18157,35385,4345,1047,15047,10424,7021,10965,1791,464955
2003,2,16261,2515,9983,10072,29495,15066,4644,1125,24217,18381,0,3995,13820,6552,2724,7033,17107,11155,2855,3668,3137,14267,10023,10129,15145,3949,1558,4022,2837,3352,5468,8020,11668,1666,24455,11845,11195,39908,801,8945,3040,21746,38241,5519,1518,15983,11690,8047,13652,2019,514513
2003,3,14311,2350,9507,8898,34532,15687,5525,1354,24409,15432,0,4411,14738,7024,3299,7683,15573,10975,3800,3920,3886,16850,13893,8787,15385,5174,1651,5025,3610,4024,5729,9355,10232,2054,26926,10619,13584,52412,874,7979,3359,18541,36316,5273,1854,17336,12718,8643,17431,2133,545081
2003,4,10495,2763,8186,6472,30227,13153,4471,1166,20223,10769,0,3867,11214,4923,2358,5633,12535,7482,3404,3373,3370,13537,11941,5874,12784,4989,1335,3835,3468,3491,4752,8613,8305,1850,20873,9293,11633,41926,830,6035,2621,13387,28376,4668,1647,13215,10766,7586,15347,1925,440986
2003,5,10224,2327,7723,5903,28265,12057,4248,1091,19618,11044,0,3521,9657,4269,1599,4482,10957,7502,2975,2828,3104,11312,9369,5769,10036,4459,1226,3693,2911,3373,4478,6612,7222,1746,17807,7608,10356,37090,737,5507,2402,13286,28697,4034,1263,13630,9877,6272,10318,1925,396409
2003,6,9958,2327,6983,5699,28105,11101,3681,1004,19218,10864,0,2954,8489,3966,1501,4365,10251,7610,2482,2681,2706,10428,9245,5448,9085,4130,1128,3151,2449,3087,4065,5689,7306,1503,16255,7312,9142,32639,624,5099,2316,13571,27307,3597,1108,11395,8698,5425,9080,1732,367959
2003,7,10419,2513,7413,5803,27642,10516,3546,967,18913,11049,0,2952,8973,3779,1570,4186,10518,8542,2714,2605,2389,10266,9531,6012,9600,3758,1199,3505,2476,2780,4232,5675,7401,1568,15351,7441,8550,31979,686,5345,2363,13434,28668,3817,1138,12439,8789,5514,9273,1662,371461
2003,8,13565,3427,9363,8527,31734,14796,3854,1231,23198,15217,0,4174,11663,5860,2612,6675,14607,11551,3996,3772,2727,14468,14666,9356,13517,4952,2099,4369,3424,3120,5337,7915,11789,2394,20724,10811,11353,38108,732,8004,3521,18584,45459,4774,1647,15365,10898,7016,13385,2060,502396
2003,9,14618,2762,9279,10127,30520,14494,4101,1262,22567,15858,0,5489,12353,5948,3901,7147,14434,13931,5732,3907,3416,21574,22102,8757,15648,6251,2565,3756,3942,3073,4960,11748,10849,3674,22074,10004,14511,43531,811,7896,4770,16340,46698,5771,2215,14928,12087,8383,20309,2689,553762
2003,10,16802,3503,9433,12688,30239,16339,5737,1665,25421,20627,0,5080,14227,16491,5733,9287,19091,16773,7975,5337,3897,25172,23612,11610,21292,7900,3804,4330,4342,3641,5795,14516,15394,4505,24820,12741,12682,50993,953,8796,6809,18831,45063,5679,2621,20115,13290,11931,24003,2446,654031
2003,11,21750,2264,9067,14360,31436,14562,4637,1938,26326,19408,0,4222,16221,19332,6811,10962,20413,16718,4988,7119,3541,26976,15734,15841,21109,4587,4251,4176,3770,4071,5215,14559,18440,2901,33138,14506,11916,54993,913,9704,4585,22810,44227,5938,2158,22905,11407,12691,22352,2281,674229
2003,12,32350,3024,14037,19012,39444,20027,5420,2258,37260,31454,0,6485,18865,21784,7797,12212,28173,24267,4755,6711,3671,26870,16210,20412,24327,6846,4888,5777,3689,4041,7543,13165,26351,2957,35970,19825,17077,48750,893,15344,5044,31093,70946,9957,1754,27911,15609,13430,19879,3723,839287
2004,1,16495,1863,9814,9937,31446,13212,4504,1214,25285,16620,0,3357,13218,14269,2903,7439,16373,11022,3151,3252,3404,13015,9977,9077,14249,3700,1878,4237,3017,3170,5200,7354,11265,1790,24344,11619,10763,37878,830,8025,2877,18923,38408,4444,1125,16254,10625,7923,11852,1978,504575
2004,2,16442,2417,10832,10569,30857,13134,4341,1252,25499,18275,0,4019,13843,14847,3189,7361,17430,11067,3060,3908,3622,15068,11579,10578,14788,4533,1712,4469,2743,2979,6185,7766,11157,1808,28511,12863,11983,40475,798,8613,3342,19565,38820,5455,1515,17268,12015,8381,15337,2179,538449
2004,3,14434,2804,9911,9040,31984,15260,4762,1226,24655,14571,0,4297,14850,15854,3633,7466,15804,10114,4050,3614,4145,17051,15082,8271,16304,5159,1761,4817,3444,3427,5558,9223,9901,2224,29876,10873,13496,50023,1014,7742,3361,18284,33863,4925,1847,17099,12715,8346,19012,2367,549539
2004,4,11189,3296,9441,6783,30670,13464,3718,1142,21383,11358,0,3999,11066,11670,2613,5934,13759,7889,3295,3269,3052,14806,13230,6323,14339,5174,1530,4243,3156,3083,5208,9242,7905,2098,25596,10250,12164,40954,791,5767,2957,13966,30009,4621,1703,13583,10958,7169,15781,2181,467777
2004,5,9601,2808,8612,5534,29423,11722,2369,885,19812,10210,0,3704,9374,9473,1725,4365,10022,7212,2773,2295,2569,12011,9919,6032,10163,4675,1396,3896,2534,2482,4218,6477,6571,1851,19232,8016,10544,31835,721,5252,2604,11656,27875,4084,1224,12719,10558,5029,10537,1915,390514
2004,6,10295,2507,7853,5638,29932,11536,3256,922,20445,10607,0,3091,8655,9960,1801,4619,10356,7666,2719,2747,2574,10729,8867,5750,10257,4496,1404,3612,2530,2468,4162,6091,6835,1629,18605,7892,10061,32140,733,5237,2569,11856,27576,3893,1037,11764,9865,5100,8875,1963,385175
2004,7,10996,2970,8393,6024,30543,12346,3386,959,20182,12000,0,3405,9515,9882,1797,4846,11465,8498,3023,2951,2520,11448,9399,6287,10919,4188,1484,3974,2686,2372,4124,6603,7473,1818,18383,8248,9287,33942,662,5657,2719,13553,29402,4133,1229,14868,9869,5563,9446,1943,407380
2004,8,13255,3581,9461,8021,33255,14515,3488,1206,21951,14095,0,3990,12161,12844,2899,6305,14328,11006,3821,3850,2775,14927,14543,8863,14146,5233,2236,4018,2993,2794,5202,8480,10842,2471,21719,10344,10478,36783,683,7476,3701,16211,40562,4497,1290,16093,10851,7450,13342,2080,497115
2004,9,14300,3277,10513,10398,32848,17048,3868,1415,20211,15570,0,5722,12131,12630,3977,7016,15506,13053,5891,4606,3130,19574,20801,8572,14999,6312,2851,4330,3978,2981,5626,12750,12395,3453,22489,10692,15472,41658,851,8662,4975,16899,47246,5926,1977,18574,13281,8434,18697,2856,570421
2004,10,17412,3884,10704,12862,34814,21187,5163,1675,29968,20510,0,5464,14948,17519,6079,10028,19964,16343,7943,5767,3171,24009,23706,11582,20877,7724,4148,4651,4623,3518,6299,16393,15259,4751,27029,13080,13001,49612,983,9359,6988,20203,46183,6196,2588,22217,14492,11808,22762,2485,681931
2004,11,22905,2811,10116,15381,35469,16729,4658,2029,32499,20156,0,4380,16829,19917,6977,11329,22421,17144,5127,8225,3360,25614,15000,16716,20846,4695,4315,4338,3789,4102,5596,16258,18716,2914,34650,14798,12773,54679,985,10698,4837,23668,49146,6238,2029,23367,12739,13364,20467,2354,708153
2004,12,33932,3649,16115,18919,45529,24024,5413,2457,44264,32671,0,6959,19881,21720,7767,12454,29561,24500,5157,7994,3623,24814,16600,21220,26473,6908,5149,6090,4195,3973,8304,14957,27504,3336,36235,20145,19196,51058,989,16819,5594,33717,74396,10896,1925,29251,17377,14080,18287,4021,890098
2005,1,16233,2063,10577,9525,32914,16352,3912,1215,27735,15543,0,3525,12685,13334,2932,7021,15884,10770,2922,3996,2850,13055,8898,9304,14538,3653,2023,3953,3035,2892,4824,7995,11026,1780,22110,11188,11121,34079,830,8118,2938,18037,38989,4658,1100,16412,11072,7240,10820,2037,499713
2005,2,16348,2567,12442,10240,35280,15840,4546,1276,27974,18009,0,4618,14224,15088,3327,7001,17896,11320,3183,4577,3158,15184,11393,10401,16354,4735,1872,4500,2957,2870,6010,8865,11237,2093,26903,13258,13127,39085,772,9654,3617,19990,40589,5532,1651,18371,13461,8862,15561,2475,560293
2005,3,15202,3171,11352,8809,39220,17225,4951,1418,27340,15869,0,4647,15909,15775,3951,7084,17209,10528,3664,4965,4167,17308,14876,8425,16482,5317,1910,4945,3292,3463,6204,9310,10209,2424,27842,11137,14312,48438,1018,8978,3630,18274,37361,5418,1739,19384,13670,9537,19147,2454,578960
2005,4,11515,3467,10939,7162,36292,15595,4393,1257,26838,11837,0,4407,11189,12723,2723,5755,13969,8623,3671,4253,3068,14828,13195,6580,14611,5560,1620,4138,3706,2841,5138,9604,8111,2237,24058,10651,13987,40205,830,6915,3400,14033,33776,4809,1715,17161,12453,7473,16033,2395,501739
2005,5,9970,2963,9353,5653,34995,12879,3444,1066,23642,10289,0,3768,9214,9681,1783,4401,10439,7390,3020,3237,2660,11272,8979,5546,10217,4534,1283,3747,2921,2687,4470,7202,6540,1883,19340,8536,10961,32177,691,5492,2641,11939,31304,4114,1170,13525,10653,5591,10199,1982,411443
2005,6,10780,2812,8978,6228,34607,12919,3219,979,24428,10632,0,3548,8807,9833,1713,4444,10857,8247,2581,3272,2479,9776,8526,5474,10700,4612,1255,3635,2367,2487,4447,6065,6955,1870,17987,7997,11098,31224,566,5828,2464,12072,30800,4254,993,12382,10987,5284,8682,1968,404118
2005,7,10475,3272,9929,6249,34042,12695,3264,978,23120,9582,0,3446,8944,9513,1736,4572,11424,8464,2792,3382,2291,10346,8963,6187,10579,4170,1382,3613,2480,2544,4488,6848,6940,1869,17788,8397,9422,31967,618,6204,2618,13203,35232,3817,1073,14752,10411,5675,9053,1870,412679
2005,8,12878,4177,11732,8224,38932,15555,3465,1250,27447,11518,0,4604,11829,11882,2578,6610,13851,11813,3649,4451,2727,13739,13997,7950,14758,5253,2073,4657,3035,2745,5443,8655,10129,2600,21020,11216,11217,35437,660,7992,3522,16610,47093,4736,1276,15299,11940,7116,12626,2388,514354
2005,9,16716,3556,12741,10821,41099,16831,4017,1419,30559,13770,0,6113,12146,12248,3777,7534,14679,24037,5467,5277,2994,18701,19827,11846,14781,6399,2721,4478,3860,2841,5618,12900,11942,3644,21996,11334,15675,41355,832,9128,4760,16791,53487,7464,1900,17952,14283,8499,18168,3038,612021
2005,10,17420,4278,12794,12049,39405,18124,5153,1679,33162,17493,0,6002,14140,16072,5782,9212,17513,22352,7361,6210,3411,20664,23875,15622,20434,7883,3694,5388,4382,3200,5892,15341,14470,4861,25200,14142,13009,44470,899,9517,6911,18548,54703,6797,2203,20664,15811,10735,21632,2701,683260
2005,11,24372,3217,12416,16067,40266,18686,4730,1977,36890,26597,0,5006,16737,18447,7715,11536,21396,25232,4526,7921,3318,23596,15385,22258,21723,4966,3959,6087,3999,3822,6105,14961,18470,3080,33397,16572,13652,51191,943,12039,5035,22962,59085,7713,1908,24818,13677,13243,20243,2717,754658
2005,12,38300,4537,19731,22126,51931,23885,5315,2585,51072,47212,0,8140,19122,22391,8154,13503,30174,35428,4930,8447,3647,23452,16694,28875,28847,7439,5197,8760,4364,4168,9136,15104,28937,3399,37212,24146,19982,50128,970,19031,5791,35440,91900,13351,1879,31002,19277,15185,18414,4548,993258
2006,1,18062,2502,12612,10339,43620,15377,4641,1367,33495,24951,0,4158,13984,15286,3333,8477,16582,16635,3357,4476,3274,13880,10849,13189,16268,4202,2222,4940,3141,2974,5690,9209,12455,2248,23956,12835,12192,38934,848,9631,3537,19203,47791,6051,1226,19217,13078,8032,12591,2575,589492
2006,2,18175,2985,14376,11188,43112,16519,4623,1329,33996,25909,0,5030,14516,16369,3431,7849,19278,15432,3722,4909,3315,15509,12910,12910,17584,4778,1912,5169,3380,2860,6564,9399,12405,2280,28370,14476,13317,41525,838,10264,3858,21099,48256,6786,1908,20005,14186,9113,16075,2671,626470
2006,3,16453,3584,13658,9944,49571,18631,5553,1412,34534,24657,0,5412,15766,17287,4240,8857,17643,14690,4452,4701,4005,17718,16002,11116,18204,5882,2041,6037,4002,3623,6985,10179,11197,2658,30153,13183,15610,50263,1014,9338,3939,19449,44632,6890,2091,20222,15266,9597,19468,2872,654681
2006,4,11525,3736,12953,7366,42880,15071,4190,1091,29361,17399,0,4929,10825,12068,2914,6413,13500,10737,3601,3858,3372,13306,13874,7909,14327,5495,1656,4740,3649,3002,5788,9632,8118,2273,22902,11610,14007,38960,766,6556,3267,14013,36846,5927,1766,21203,13473,7278,15043,2764,527939
2006,5,11124,3376,10638,6399,31342,13842,3544,1124,28308,16465,0,4415,10398,10340,1788,5573,11642,10241,2896,3262,2622,10670,9150,7274,11480,4930,1317,4149,2799,2865,4946,10027,7131,1852,20153,9631,11332,34286,783,5781,2458,13146,34795,5227,1261,14838,12497,6045,10189,2415,452766
2006,6,11460,3312,10068,6293,28461,13694,3739,1012,28158,16885,0,4271,9379,10620,1789,5143,11614,11353,2831,3156,2769,9426,8793,7277,10858,4851,1259,4024,2754,2823,5188,10132,7299,1992,19144,9718,11624,33028,657,6171,2548,13384,35412,5416,1197,16288,12588,5906,8847,2406,447017
2006,7,11535,3473,11787,6608,28398,13852,3197,887,27008,11826,0,3812,10079,10082,1749,5362,11163,12005,2699,3012,2313,9427,9782,7933,10785,4283,1270,4152,2598,2352,4888,9252,7257,2021,17261,9225,10286,31294,630,6692,2631,13544,36350,4915,1019,15634,11026,5752,8917,2209,434232
2006,8,14265,4221,13927,8807,33319,17728,3548,1126,31246,14915,0,5089,12810,13443,2614,7236,13886,14879,3827,4230,3002,13532,14282,11314,15752,5527,1868,5280,3280,2738,6267,11785,10980,3023,20533,12409,12075,37952,700,8569,3596,18168,50114,5821,1415,16138,13496,6529,12942,2830,553033
2006,9,16936,3631,13517,11332,32940,17578,3923,1357,30968,15788,0,7025,13024,14525,4451,8782,16102,17037,5556,4799,3170,19605,22087,11927,16653,6982,2752,4517,4346,2850,6091,17892,12099,3998,24348,12845,15895,46291,834,9319,5405,17856,55321,7792,2148,18200,14784,9820,20013,3477,638588
2006,10,17237,4014,12445,12545,31531,18186,4941,1585,34651,18705,0,6641,15333,15748,5721,10040,18446,19182,7327,6331,3438,19882,22981,13144,20452,7847,3599,4807,4770,3317,6377,18884,14310,4860,25810,14413,12764,49311,859,9921,6756,19969,51748,7276,2326,20120,15896,11096,22049,3214,682805
2006,11,24792,3400,12669,16395,35269,19097,5033,1997,39431,21644,0,5691,17061,20966,7166,11440,21592,20648,5021,8339,3782,23063,15584,21079,20771,5062,4557,4975,4394,3823,6471,19702,19259,3690,35002,15755,14168,56615,930,12973,5470,25351,57198,8983,2153,25763,14585,13586,21044,3176,766615
2006,12,36478,4951,19731,20069,45020,22652,5804,2407,50035,35626,0,8832,18606,23529,7727,14916,30210,29542,5344,8493,3930,23767,17967,25981,27641,7708,5152,7135,4815,4061,9492,20930,27443,3602,39299,23077,19890,59394,1054,18043,5757,35319,88207,15013,2203,31229,19318,16169,19632,4780,977980
2007,1,18721,2643,12040,10012,46014,15255,4673,1381,34066,16567,0,4396,12621,15509,3104,8290,16623,14644,3355,5324,3481,12705,11140,11725,14650,4023,1994,4578,3629,2900,6139,13514,11570,2566,25478,11573,12037,45338,883,9332,3352,20523,46206,6374,1290,19333,13253,7827,12631,2454,587736
2007,2,18531,3211,13958,10972,50483,16975,4505,1302,35458,18291,0,5552,13500,14649,3249,9138,18124,13613,3122,5823,3303,13182,11562,12004,16941,4702,1937,4761,3326,2909,7010,12489,11764,2405,25427,14926,13551,43147,895,10274,3445,22518,47469,7187,1771,18801,15008,8496,14984,2858,619508
2007,3,16601,3779,12597,9125,59653,20070,5577,1417,36324,16253,0,5956,15330,17577,4025,10254,16908,13313,4055,5960,4173,15516,16192,9897,18262,5939,2224,5462,3958,3367,6848,14512,10297,2837,29971,14572,15324,54828,1024,9053,4015,19720,45694,7481,1933,21075,15975,9143,19786,3047,666899
2007,4,12786,4011,11816,7207,53953,16769,4633,1200,31325,12056,0,5014,11921,12905,2619,7312,13184,10430,3637,5105,3409,12160,13718,7440,14840,5751,1578,4440,3890,2713,5910,13976,7540,2752,24623,12065,13571,45092,900,7008,3358,15480,38143,6365,1742,16806,13894,7419,15073,2763,552302
2007,5,11960,3666,10469,6288,70165,17002,3996,1058,31711,11117,0,4578,10555,10819,1584,5861,10971,9914,2916,4230,2918,9276,9171,6835,12497,5179,1225,4371,3065,2646,5477,10882,6853,2096,20810,10452,11466,38788,795,6220,2711,14140,38094,5671,1342,14956,12672,5972,9912,2525,507877
2007,6,12519,3431,10541,6451,68893,15466,4115,988,31724,11351,0,4484,9971,11772,1658,5947,11430,10969,2882,4071,2955,8862,8972,7144,12164,5002,1272,4414,3175,2830,5810,10426,7422,1915,20572,10201,12076,40151,717,6626,2661,15879,38168,5538,1137,14427,13131,5991,8822,2664,509787
2007,7,11883,3524,10288,6636,57419,15460,3931,949,28819,11239,0,4053,9793,11026,1647,5599,11370,11674,3086,4161,2567,9234,8904,7821,10979,4359,1394,3746,2906,2533,5162,10573,7022,2042,19945,9700,10215,38783,668,6604,2682,15507,38192,4936,1272,15946,11989,6308,9091,2289,485926
2007,8,15490,4314,12255,8711,38453,18573,4458,1164,32934,15358,0,5512,13720,14649,2842,8359,14351,15313,3936,5241,3177,12943,16054,10950,18871,6200,2447,4855,3343,2897,6230,12810,10992,2927,20951,12995,12174,47006,765,8915,4231,19077,53107,6410,1475,21686,14545,7806,14168,3027,598667
2007,9,16501,3482,11501,10076,30281,17525,4212,1203,31524,14491,0,6644,12495,13404,3701,8395,14321,15873,5554,5280,2995,16326,20582,10317,22609,7373,2816,4371,4273,2805,6080,16995,11326,4258,23338,11737,15089,45645,796,8874,5653,17923,52210,7348,1999,22282,15201,8743,17857,3370,617654
2007,10,17084,4496,11158,11802,30290,19661,6150,1407,34500,17190,0,6304,15356,15638,5278,9881,17005,19798,7378,6538,3566,17800,22204,13097,25906,8187,3664,4344,4511,3316,6571,18824,13314,5668,26391,14295,12702,52116,911,9785,7414,20691,51826,7193,2253,20573,16838,10404,20105,3020,684403
2007,11,23788,3887,11858,14797,33876,20056,6322,1711,37835,20018,0,6200,17212,21323,6894,11567,19797,22014,4703,7814,3680,21074,14173,19788,24603,5521,4077,4959,4146,3785,6838,19055,18707,3773,34276,15285,13927,55642,917,12041,5400,25157,57962,8790,1956,24826,16370,12504,19438,3167,753509
2007,12,34530,5559,17379,18927,38657,25842,6710,2132,49245,32619,0,9069,19188,22497,6397,12903,27734,31178,4378,8071,3713,19500,15839,25327,31619,8145,4776,7253,4071,3662,9747,17993,25308,3805,37184,20889,19931,53418,947,18152,5864,35126,90431,13073,1781,30804,20847,14064,16394,4654,937332
2008,1,18924,3042,11643,9662,32604,18057,6340,1242,37189,17184,0,4695,14346,16785,3017,8737,16063,15664,3188,5512,3636,11560,10843,12791,21948,4135,1977,4452,3586,3051,6119,13296,11237,2722,26558,13361,12356,44494,921,10081,3739,20764,51780,6265,1313,19547,15243,8333,11254,2446,603702
2008,2,22690,3516,14039,12007,33626,20876,5858,1380,39304,19888,0,5829,15688,18055,3217,9329,19098,16008,3439,6511,3375,12653,12896,12364,25620,5334,2102,5739,3529,3002,7673,13816,12498,2720,27210,16007,14048,46427,973,12735,4282,25181,55236,6963,1941,24218,17466,9946,15067,3021,674400
2008,3,21362,4101,12694,9268,40808,22401,6610,1339,38440,17317,0,6419,18162,19821,4183,9631,16311,14372,4301,5906,4313,15036,16591,9771,25986,6392,2192,6323,4082,3312,7458,15390,10670,3263,27996,14196,16720,55772,1122,10867,4408,22006,50796,6915,2037,22337,17902,9570,19285,3440,689594
2008,4,15711,4429,11798,7763,35044,20016,5904,1350,35601,13156,0,5429,13177,14229,2962,8157,13100,11886,3787,5351,3655,12172,15362,7361,21482,5886,1743,4977,4084,3041,6381,14717,8726,2854,24037,13806,14588,45748,930,7979,3879,17915,43968,6415,1897,21146,16430,7774,16444,3022,587269
2008,5,16260,4018,11813,7234,34446,19921,5380,1162,34427,12728,0,6548,12898,13854,1871,6966,12446,11593,3681,5514,3178,10328,10446,7552,18574,6365,1431,4981,3703,2964,6379,12274,8093,2556,21260,11959,13163,40452,946,7799,3397,17783,45854,6159,1597,17556,15311,7320,11153,3041,546334
2008,6,14730,3499,10001,6813,33012,18991,4734,1013,32869,11722,0,4649,10719,11592,1681,6315,11103,12019,3373,5163,2785,9308,9695,6841,16743,5364,1261,4447,3556,2690,6312,10314,7349,2436,17955,10493,12589,36055,744,7074,2927,16905,44323,5183,1245,14673,15300,6431,9528,2710,497234
2008,7,15621,3805,10093,7008,32626,19673,4967,1103,33355,12352,0,4063,11471,12316,1739,6506,11963,13013,3369,5533,2658,8982,9548,7400,17069,4897,1327,5509,3325,2889,5895,10374,7455,2376,19435,10796,11145,38101,830,7669,2907,17826,43669,4731,1526,18112,13608,6889,9149,2533,509206
2008,8,18265,4831,11278,8867,34406,22460,5266,1296,32879,14765,0,5206,13697,15082,2634,8785,13828,17475,4552,5856,3463,12550,14637,10445,21527,6037,2220,6525,3786,2856,6557,12473,10551,3096,21245,13919,12156,41691,846,9266,4987,20937,58460,5344,1553,18908,15214,8060,13292,2947,606976
2008,9,18381,6450,10981,9770,32101,21596,5535,1349,32573,13801,0,5751,13710,14729,3741,7877,13453,15431,5403,6313,3325,15906,19959,9162,19431,6757,2620,5682,3963,3182,6346,17265,10054,4238,21952,12774,14520,46038,931,9076,5893,18442,55075,6332,2053,20124,16208,8492,17218,3307,625270
2008,10,21239,5682,11971,13210,36052,26115,6896,1716,42513,20791,0,6423,16664,20152,4936,11400,17809,25159,7440,8327,4002,18058,21406,13513,28398,8163,3516,7902,5284,3924,7882,20398,14549,5853,29546,15808,14599,55008,1171,11278,7885,24425,68161,7062,2367,25120,19583,12253,20099,3287,784995
2008,11,35752,7733,18815,19146,50035,39798,9364,2512,64181,30354,0,9053,23970,29760,6897,17404,25766,35943,6201,13415,5501,23546,19802,24200,37438,8162,4845,12409,6351,4954,10913,24873,24405,4870,51093,28998,22547,78344,1618,23830,7265,38954,114922,13282,2417,39241,27982,16318,23569,5537,1154285
2008,12,42886,6779,21321,21496,50377,35616,8288,2640,64201,35973,0,9202,23716,28163,6325,17046,31082,39601,5465,11170,4662,18712,16942,26827,38780,8373,4971,11964,4807,4618,11881,20918,27320,4145,43862,28049,20848,67667,1373,21094,7571,41545,119629,14894,2045,37986,24872,17429,18283,5988,1139402
2009,1,25620,3959,15509,12378,42808,28192,7787,1860,49309,21282,0,6129,18937,22722,3373,13377,18428,20437,4032,8578,4539,12228,12971,13416,29179,5349,2386,8580,4738,4216,8024,15862,13723,3092,31915,19369,16699,54473,1287,13179,5175,29281,72381,9314,1619,27133,21169,10307,13847,3776,793944
2009,2,26310,4344,16566,14579,42137,29189,8290,1886,51989,24930,0,6832,19780,23447,3580,12372,20716,19654,4426,9066,4711,13815,14238,13564,32151,6425,2164,8595,4853,4337,9130,16518,13878,3164,36857,21066,18034,57341,1355,15773,5293,31774,76691,8897,2314,29763,22549,11815,16730,4097,847985
2009,3,25267,4843,16775,13191,51438,32067,9100,2031,53771,21563,0,7963,23873,25313,4502,13572,20152,19647,5646,9615,5950,16490,19365,11287,33306,7563,2371,9989,5651,5264,9241,19331,12660,3242,40437,19387,20755,69392,1557,13907,5575,30201,73327,8477,2456,28923,24443,11798,23669,4461,900804
2009,4,18769,5459,15895,10325,47424,30277,7847,1736,47197,15542,0,6586,19803,19880,3167,11030,16786,15919,4959,8340,5011,13782,19172,9168,27748,6985,1909,9158,5436,5059,7717,18520,9773,3456,34025,18823,16933,59601,1469,11197,5310,24379,65037,7417,2129,26103,20956,10194,19406,3738,776552
2009,5,17266,4572,12743,8128,41601,27595,6738,1439,39414,12695,0,4781,15471,15735,1990,8437,13164,13165,3735,6193,4174,10364,11594,7432,20786,6354,1399,6899,4126,4567,6505,14100,8393,2764,25794,13995,14052,45634,1158,9120,3528,20452,54190,5621,1564,19811,18248,7854,11706,3252,620298
2009,6,15787,4088,11229,7292,39009,24127,6335,1318,36900,11336,0,4253,14440,13621,1820,7418,11741,12207,3582,6344,3924,9106,10523,6410,19216,5751,1365,6304,3812,4737,6247,13459,7522,2448,23589,11494,12100,43261,1072,7859,3538,18323,46669,5164,1349,17106,15251,7282,10355,2994,561077
2009,7,17474,3932,10328,7560,35766,20949,5798,1245,37255,11566,0,3908,13818,13697,1795,7444,12651,13458,3648,6215,3769,9091,10203,7394,19346,5146,1416,5516,3854,4426,5744,12636,7669,2404,23833,12120,10975,42655,922,9085,3374,19315,45907,4106,1437,20436,14167,7288,10293,2422,555456
2009,8,20614,4664,11124,8783,38588,22782,6438,1545,38608,14589,0,4747,16623,16961,2661,10076,13566,16459,4216,6271,3594,12029,15085,9356,23418,6240,2119,6396,4106,4169,6717,14193,9709,3009,25088,14314,12175,44740,968,9876,4478,21665,56984,4895,1644,20882,16399,8200,14566,2920,639249
2009,9,20268,4534,11110,10229,35033,21855,6365,1520,37959,14178,0,5303,16581,16030,3457,9358,14546,23598,5675,6978,4143,14112,18127,9805,23238,6424,2493,5704,4642,4083,6515,18241,10592,3471,25975,12902,14441,50235,1098,10360,5404,21665,56568,5585,2028,21425,16552,9454,17421,2916,670196
2009,10,22837,6155,10776,11674,37250,22940,7781,1763,42640,17629,0,5662,20137,21288,4751,12469,18492,20174,7615,7971,5128,16440,21332,11598,29528,7679,3313,7054,6118,4951,6975,22168,13602,5084,31614,15205,14570,55927,1355,10883,7164,25617,59218,5794,2421,27563,19088,12249,20705,2749,773096
2009,11,26444,4513,11077,13431,39248,24466,7297,1926,44158,18184,0,5331,20797,22459,5459,13195,19201,20540,5274,9262,4820,18859,15202,14844,27495,5588,3638,6948,4967,4713,6581,20905,15836,3675,36899,18181,14852,59931,1186,16441,5411,27862,65145,6906,2068,27434,17802,13554,18935,2863,801803
2009,12,37795,5784,16332,17718,46696,29201,8358,2261,55448,28671,0,7487,23423,25260,5619,15548,26634,30647,5711,8546,4646,17006,15453,21918,34882,7604,3986,9302,5004,4993,9613,20799,22145,3762,39395,23263,18767,56227,1372,17670,6078,38047,96109,9759,2056,29884,24756,15469,16440,4004,977548
2010,1,20155,3521,12142,9149,38339,24265,7483,1638,44265,16203,0,4575,18566,19222,2804,10786,15054,14632,3737,6867,5137,10524,10993,9495,23234,4830,1818,6563,4361,4038,6569,15033,10343,2630,28554,14602,13131,47289,1270,10650,3724,23183,56471,5294,1495,22145,18492,8998,12492,2522,659283
2010,2,25119,4233,15222,13274,40722,25008,7572,1387,48573,21496,0,5803,20797,21409,3345,12162,20392,17055,4668,6721,4733,12320,12458,12379,29798,5972,1897,7420,4625,3655,8486,15812,12434,2867,31838,19795,16849,47217,1316,14784,4626,31879,67267,6672,2234,25620,21248,11058,15610,3134,770961
2010,3,22840,5237,13756,11035,48936,26781,8859,1878,49967,18061,0,6133,23494,23256,4310,12151,17261,16268,5727,8265,5716,14093,17112,10701,28761,6954,2278,8459,5169,4946,8866,19374,10480,3520,36747,16931,18279,65669,1542,12339,5127,27117,59171,6398,2630,30216,21860,11531,21299,3525,811025
2010,4,17347,5985,13391,7940,53820,23609,7189,1439,40976,12484,0,5248,17025,16122,2497,8819,13170,11753,4842,6836,4721,10702,14867,7395,21868,6243,1730,7681,5014,4215,6976,17221,8034,2946,29639,15006,15996,50038,1199,8861,4288,21062,47651,5518,2053,44137,19086,8777,16230,3115,682761
2010,5,15495,5007,12436,6786,40461,20185,6314,1227,38175,11332,0,4988,15687,14512,1791,7746,10962,10912,4011,5963,4104,9158,11196,6845,19171,5591,1492,7084,3900,3912,6437,14028,7514,2668,24471,12704,14052,41601,1052,7699,3639,19265,46146,4982,1638,27723,17360,7347,11368,2987,581124
2010,6,15374,4713,11029,6789,36580,19983,6662,1222,37228,10770,0,4577,14912,14789,2003,7353,10346,11632,4107,5587,4006,8240,11195,6645,19753,5538,1555,6225,3986,3787,6219,13826,7169,2479,22484,11564,13216,42996,1044,7559,3442,19010,45692,4589,1433,16652,16787,7500,11215,2659,554121
2010,7,16679,4726,11805,7245,38524,20122,6061,1272,38922,11818,0,4284,15395,14352,1756,7637,11802,13345,3913,5880,4053,7900,10616,7715,19047,5126,1436,5881,4301,3727,6252,13097,7637,2454,24685,12833,12353,42801,990,8002,3498,20916,48965,4303,1523,21272,15572,7414,10699,2382,572988
2010,8,20140,5336,13393,8421,40796,23820,7073,1418,40385,13986,0,5157,17951,18911,2542,9520,12872,17201,4895,6663,4644,11285,15209,10142,22643,6600,2189,6736,4309,3801,6937,15255,9767,3208,26515,14854,13624,47203,1151,9256,4428,23114,58511,4781,1698,22580,17238,8676,14920,2889,664643
2010,9,19358,4792,13464,10196,38655,21853,7043,1571,40446,14742,0,6074,18049,17553,3363,9856,14690,22618,6544,6587,4495,14268,20521,10283,23406,6990,2494,6380,4949,4076,6874,19628,10427,4150,28284,14387,16010,51829,1178,10184,5684,22928,60097,5586,2344,22314,18484,10080,18252,3252,707288
2010,10,21149,6194,13005,11590,43703,23261,7655,1720,44225,18123,0,6166,19742,21467,4345,12112,17121,21538,8243,7462,5046,15361,22991,12400,27561,7989,3444,6516,5724,4423,6974,22166,12462,5879,33001,15850,14964,56901,1306,10168,7775,25878,60983,5713,2592,25771,19270,13054,21177,2927,785087
2010,11,28065,4755,14038,14964,43462,25692,7898,2058,48461,19655,0,5482,23584,24401,6254,14152,20521,23940,5803,9536,4973,18991,15923,18221,29666,5825,4038,7384,5067,5086,7275,23473,16710,3930,40024,20221,15128,67239,1331,16336,6212,32100,73915,6933,2292,29492,18647,15103,20499,3078,877833
2010,12,38997,6742,20407,18590,56619,33312,8752,2410,62964,31517,0,8553,26399,28065,6162,17714,27100,33777,6602,9482,5782,16680,16760,23371,36288,8199,4810,10116,5578,4847,10428,22333,22827,4142,44631,26571,20747,63321,1456,18975,6879,41618,106596,10802,2344,32861,25658,16274,17478,4729,1077265
2011,1,20521,3869,15947,10058,46126,25180,7247,1543,50835,16928,0,5345,20832,21326,3145,11817,15386,17838,4423,7303,5109,9455,12433,10103,26159,4800,2450,7663,4458,4093,6951,15569,10535,3085,30576,18833,15001,48618,1259,10792,4730,26554,65579,5775,1668,24482,19599,9683,13071,2679,727431
2011,2,26011,4585,19490,13743,48467,28053,7891,1878,57714,25167,0,6598,23052,24624,3463,13507,22852,18714,4698,8388,5094,11468,14931,13508,30080,6130,2303,8737,4642,4497,9040,17770,13707,3605,40379,19798,19015,59957,1529,16733,5165,35637,74523,6548,2326,31915,23376,13690,16814,3609,875421
2011,3,23519,5957,19494,12491,60317,32201,9497,2121,54859,20847,0,7602,27829,27996,4218,15229,19549,17553,6516,9358,7227,14900,19946,11104,33703,7637,2650,10004,5897,5683,8967,22204,11550,4338,44027,19700,21253,72026,1756,13653,5808,31430,71912,7272,2835,30593,25924,13189,23043,4274,931658
2011,4,18165,6845,16424,8830,60133,28366,8295,1682,47081,14960,0,6680,21451,20970,3065,10372,15536,14103,5485,8282,6425,11980,19250,8325,27118,7120,2035,8070,5922,5326,7788,20614,9544,4437,37241,17903,18878,61840,1560,10423,5080,24337,59740,6781,2611,25922,22376,11049,19335,3652,789407
2011,5,16723,5093,13702,7395,45650,24525,6880,1412,42140,13499,0,5438,18314,16272,1866,7867,11793,12872,4449,6758,5035,8998,12972,7243,21787,6162,1645,7858,4488,4744,6841,15436,7795,3446,28898,13804,16816,48187,1191,8493,4034,21073,55711,5502,1833,20659,19122,8422,14049,3317,648209
2011,6,17915,4633,12661,7173,48644,22374,6470,1381,42305,13369,0,5136,16856,16309,1857,7086,11481,13766,4260,6198,4903,8017,11466,7090,20325,5693,1441,6953,4333,4471,6622,13845,7893,2967,26178,13856,14978,46198,1195,8647,3579,21045,54445,5047,1711,19279,18469,8080,13359,3011,624970
2011,7,17752,4796,12927,7600,43121,22111,5967,1347,42107,13784,0,4634,16713,16135,1869,7689,11648,14591,4739,6324,4902,7775,10761,7997,20097,5653,1396,6833,4421,4283,6399,12764,8106,3024,27405,14338,13166,45543,1105,8717,3458,21807,55237,4637,1551,23271,17693,8472,13848,2832,623345
2011,8,21080,5759,14798,9221,51050,25611,6966,1542,47238,16768,0,5763,21178,20491,2711,9899,14395,18256,5406,7627,5814,11469,16378,10734,25189,6537,2290,7698,4869,4553,7557,17149,11109,4305,31823,17278,14259,54689,1367,11334,4981,26595,67885,5366,1973,23087,19697,10233,18588,3312,753877
2011,9,20992,5173,15223,11437,45893,27601,6976,1749,47275,17793,0,6552,21245,20677,3493,9563,15882,24715,6659,7253,5557,14088,21218,11235,26211,7722,2420,7391,5725,4690,7319,21721,12264,5188,33546,17538,16562,58503,1350,11889,5650,26023,73166,6440,2415,25348,20018,11884,21298,3845,804375
2011,10,22753,7018,14945,12472,54986,27895,7377,2140,49563,19389,0,6784,23022,23399,4309,12058,17712,21781,8384,8805,5714,14859,23643,12988,29894,8721,3401,7420,6207,5071,8015,23239,14886,7054,37277,18045,16253,62977,1464,12206,8001,28889,71143,6277,2669,29209,21751,13697,24096,3417,873275
2011,11,32537,5002,17129,16429,54025,31566,8051,2422,56007,23657,0,7006,29099,29197,6247,15809,23214,26054,6550,11344,6282,19461,19012,20093,34189,6742,4592,8543,6053,5896,8423,25527,20621,5339,47369,25348,18151,73488,1534,17492,6756,38140,88194,8427,2616,34504,23283,17311,28428,3861,1027020
2011,12,47195,6801,24601,21056,65931,39533,10756,3264,74388,39434,0,10725,35387,37441,6832,19702,32726,38172,8436,12372,7611,18908,22365,27419,44379,9887,5596,11795,7731,6941,11733,28226,29014,6187,60359,33993,24869,83696,1961,25256,8267,53379,132253,12875,3084,43199,33012,22025,28988,5717,1345477
2012,1,23940,3518,17281,10838,51628,27716,8945,2051,55701,19687,8,6069,25612,25777,3168,13392,17173,18365,5418,8668,6426,10082,15656,11270,30169,6138,2709,8139,6002,5312,7833,19021,13038,4685,37341,22265,17320,66424,1671,14628,5688,31332,75694,5925,2051,28119,21981,11899,21158,3254,858185
2012,2,33213,5272,24106,16970,62851,32654,10163,2496,69160,30934,0,7941,32917,35347,4070,16447,27718,22803,7183,11788,7227,14422,19675,16251,41378,8228,2544,10119,7474,6545,11095,26072,17873,5751,57712,28926,23289,89184,2064,23966,6769,43914,99865,7623,3182,40976,29467,17780,30579,4410,1158393
2012,3,29427,6485,23657,13558,75008,31624,10800,2482,65677,25116,0,8919,32876,33240,4118,16555,21717,20927,8080,11406,8850,14752,24340,12926,37447,8908,2677,11146,8020,7586,11410,25804,14306,6425,55026,26833,25336,92725,2237,18111,6918,35150,89095,8639,3565,36602,31222,15876,32670,4984,1121258
2012,4,21876,7000,18441,8845,59770,25132,8698,1995,55143,16689,0,6430,26706,24809,2859,10878,15342,15844,6487,9973,7270,11535,20358,9029,28334,7516,2018,9047,7226,6904,8345,22704,11042,5086,42717,20439,20404,71454,1806,12704,5268,27280,68170,6508,2862,30439,26889,12023,25762,3894,877950
2012,5,20763,6303,16278,8571,54864,23574,7860,1811,52894,15615,0,5810,22365,21780,2012,9683,13460,15133,5561,8893,6494,9571,15630,8958,25339,6984,1712,8316,6340,6952,7856,19239,10422,4144,35018,18547,16897,62082,1655,11438,4481,24872,65765,5596,2176,25559,24204,10220,19310,3723,782730
2012,6,21744,5808,15773,8755,54028,23374,7765,1733,53534,16250,0,5875,22518,22652,2267,9598,14573,16780,5305,7899,6380,9224,14462,8996,25622,7119,1834,7875,5840,6723,8158,17794,10559,3910,35436,18829,17306,60238,1457,11289,4250,26173,66695,5537,2036,25962,24807,9870,17449,3476,781537
2012,7,22966,5524,16808,9436,53895,25172,7161,1905,54660,16623,0,5246,21748,22016,2127,10298,14717,17801,5088,8273,5987,9243,14429,9642,25753,6172,1682,7622,5968,6430,7565,17908,10377,3692,36001,19440,16367,63908,1486,10989,4459,27104,68854,4990,2067,30064,22541,10123,18508,3180,794015
2012,8,27205,6899,19929,11686,61468,30640,8763,2253,60205,20601,0,6941,27689,27731,2909,12969,17562,22842,6692,10281,7674,13190,20908,13833,33393,7949,2440,8767,7069,7179,9226,21332,14770,4912,41548,24309,18280,72160,1658,14359,6123,33735,88297,6171,2397,32039,25224,13507,23866,4091,965671
2012,9,24237,5713,18309,12856,56148,28648,8635,2142,56865,19042,0,7413,25286,26811,3482,11826,17986,28349,8265,9308,6980,15682,24433,12013,31710,8510,2598,8451,7645,6471,8673,25751,14135,5735,42586,21913,20158,53789,1771,13287,6670,30219,85504,6596,2983,33749,24444,14295,26074,4132,938278
2012,10,27870,7917,18098,14554,59219,30777,9748,2491,62031,22641,0,7611,28865,31194,4709,13887,20448,26097,9357,11369,8135,17173,29027,15379,37243,9779,3682,8651,7838,6791,9271,28455,17565,7868,47063,24632,19953,58346,1897,15712,9466,34565,86134,6906,3152,35342,28165,15784,31064,4129,1038050
2012,11,46148,7793,27257,21494,85858,43185,12714,3657,85246,33693,0,10396,40359,43490,7401,22073,29412,35839,8801,16684,9568,24180,25022,26168,48950,9391,5325,12510,9722,8910,12094,35678,28888,6686,71453,38908,27100,78603,2478,22855,9695,51658,123230,12620,3191,52416,37054,21768,36198,5740,1439559
2012,12,75497,12107,42390,32224,124848,51051,18831,5607,131761,60508,0,17185,58923,63214,8418,32910,47433,57482,12191,18944,13861,34715,34630,39037,75515,15805,6979,19902,15915,10047,19768,45866,44019,10148,100354,57212,44165,106223,3870,36563,14450,83493,215936,22537,4845,77487,58360,31210,45634,9259,2169329
2013,1,50505,9517,34183,22108,105648,49792,18668,5036,115059,39421,0,11880,54887,53000,4824,25973,31722,40296,10294,18171,12775,37933,32910,23030,62988,11222,3763,15254,14135,11110,15036,40588,24386,8353,81825,44714,33269,93984,3792,25059,10926,59855,156869,14550,4195,60837,48776,23489,41250,7100,1724957
2013,2,45655,8684,28857,23310,84210,51574,13655,4211,96121,38152,0,11160,43809,46569,4275,21509,34619,31802,8648,15880,10126,33897,29628,21418,54336,10505,3191,13581,10728,8972,14402,29424,23970,7107,76132,38328,30119,82562,2623,27528,9578,57674,134705,12339,4254,57124,42770,23767,36699,6357,1526544
2013,3,40179,8348,26403,18493,86274,47717,17303,4179,83923,30304,0,10075,44434,44517,4631,19607,28640,28485,10050,16519,11735,34819,30970,17472,50078,10274,3181,12201,11590,9843,13824,31859,20928,6820,73679,33558,27906,84636,3088,22490,9158,48762,119111,11118,4099,52284,38415,22201,37880,6390,1430450
2013,4,29136,8035,21698,12535,77289,36884,14438,3349,71082,20769,0,7843,34160,32508,3091,15284,20241,22586,8589,15245,9440,26518,28003,12400,37675,8782,2510,10164,9449,8977,10822,27678,14810,6177,55689,27355,23617,64777,2774,15747,6775,34654,92488,8077,3608,39271,31725,15544,30790,4904,1125962
2013,5,26317,6818,17750,10156,68866,30176,8423,2620,60287,17295,0,6110,28390,25051,2113,11087,15524,19975,6124,14152,8062,17919,19062,10543,30828,7068,1732,8559,7174,12656,9384,20082,12587,4622,40843,20702,18754,50017,2107,12424,5430,30086,79821,6210,2228,31108,26121,12738,21579,4434,912114
2013,6,22780,5383,15885,8290,64787,31103,8318,2148,55672,15690,0,5501,25886,23389,1801,9033,13028,17113,5346,12507,7094,15418,15286,8938,26099,6266,1647,7638,6287,12104,8256,18229,10815,3809,37285,18499,17240,45804,1694,10793,4518,25809,68409,5344,1957,29376,23998,11118,16540,3618,813548
2013,7,25028,5251,15558,8514,61170,22184,7199,2053,55567,16012,0,5087,27075,22637,1696,9621,13156,17856,5169,12003,6939,14900,14849,9810,25958,6101,1546,6745,5967,9963,8256,17797,10644,3554,37415,19322,15827,43354,1555,10895,4395,26922,68708,4955,1915,28960,21837,10995,16879,3345,793144
2013,8,28750,6898,19245,10922,71068,26123,8494,2325,59089,19688,0,6926,29986,28185,2761,11123,16373,23247,6475,14622,8423,18910,20431,13791,32620,8320,2191,7531,7069,9865,9293,21122,15021,4654,40003,23050,18488,52837,1634,14005,5667,31460,87857,5814,2305,33074,26274,13431,22440,4127,954007
2013,9,25665,5511,17005,10407,66599,26850,8570,2271,55472,17976,0,6981,27750,27055,3345,10483,14631,27250,7738,48205,7118,21715,24034,11731,29664,7501,2338,6871,6955,8091,8405,24825,13662,5771,40428,19871,19695,52879,1619,11981,6462,29342,82858,6235,2742,33507,24865,13733,26386,4026,965074
2013,10,28910,7527,17437,13082,68639,28900,7626,2807,60143,22170,0,7351,31955,30485,3938,12542,17649,25215,9299,19513,8458,22609,25673,14257,35447,8819,2881,7566,7908,9341,9929,27941,16967,7004,45847,23018,19463,58947,1855,13793,8116,32653,85331,6395,2950,36623,27624,15850,29346,3734,1031533
2013,11,38509,6304,21144,17306,74961,33877,8714,3255,71230,28293,0,8042,39609,39624,5474,16258,24399,31079,7657,15836,8964,27213,22792,21001,40666,8269,3819,8629,7882,10031,10801,30256,23398,6106,58882,31225,22834,70637,1913,18872,8036,44463,105162,9372,3006,44918,29369,20040,29976,4748,1224851
2013,12,52373,7498,27051,20211,105037,40113,9488,3639,87082,40035,0,10921,44057,43344,5911,18745,30132,40759,7576,18453,8572,26608,21716,25949,45871,9960,4594,10571,8534,9118,13228,29642,30531,6282,65425,35995,26529,68543,1966,24612,8861,54918,139785,12740,2873,51344,35182,23326,27501,5991,1449192
2014,1,26323,4454,17966,10287,65241,27038,12142,2407,62932,19092,0,5715,32138,26705,2652,11712,14412,20602,5352,18412,8605,15310,15353,11716,30567,5824,2075,6927,6685,7954,8632,21161,13054,4210,38973,23306,19457,48728,1640,13147,5805,31655,80084,5911,2136,31647,26045,12046,18725,3489,906449
2014,2,35915,5706,22823,15476,73056,31968,16746,2866,75598,29376,0,8011,37887,38812,3179,14529,24878,24791,6636,15661,8657,22464,18649,16629,40105,7255,2262,8906,7443,7762,11596,23047,17089,4890,55676,28332,23159,57742,1886,18424,7330,44858,102848,7838,3128,42073,29798,17777,26128,4622,1152287
2014,3,31883,6606,22195,12534,84274,33881,19044,3188,69291,26032,0,7829,42844,39854,3845,13038,20234,23268,7268,13988,11011,25356,24021,14168,38343,8348,2230,8833,8862,9725,11752,26453,15380,5548,56978,26617,24240,68291,2200,17035,7192,35856,92873,7466,3304,40700,30317,16990,30656,4849,1156690
2014,4,25326,7548,18152,9621,74479,28269,7674,2531,59887,18374,0,6269,33190,29563,2583,10355,14963,17793,6576,8524,8680,19688,21929,10164,30982,7458,1668,7427,7533,8472,9013,23867,11518,5257,46768,22997,19453,52488,1654,13194,5720,28958,73235,5958,3113,31037,25403,13028,26057,4403,928799
2014,5,22801,6477,16194,8154,68701,26149,6805,3578,56032,16883,0,6077,27806,26123,1804,8406,12567,17057,5337,6493,7466,15869,15545,9434,25534,6538,1443,6751,6695,7908,8618,19245,9934,4186,38487,18703,17835,44872,1463,10849,4849,26368,70532,5510,2097,27385,22449,11022,17916,3884,812831
2014,6,22701,5379,15049,7976,62607,23212,6010,2722,53655,16189,0,5643,24716,22716,1782,7677,11801,17074,4455,6130,6509,13466,13949,8633,24170,6358,1240,6522,5829,6649,7934,16658,10011,3404,33435,18621,16420,39338,1245,10131,4469,25230,65717,5036,1734,26351,21224,9529,15418,3445,746169
2014,7,22190,5368,14836,7974,62648,25192,5722,2759,54390,15658,0,5006,26092,23627,1741,7919,12438,16046,4601,5589,6486,13981,13726,8999,23659,5645,1330,6061,5643,6792,7475,17429,9812,3416,35847,18453,14886,41087,1366,10113,4624,26557,65012,4700,1868,28031,19636,9922,16033,3270,751655
2014,8,26173,7149,17464,9773,72754,28166,8631,3156,60712,19759,0,6527,29439,28829,2343,9403,15325,21979,5936,7052,8095,18192,18840,12258,33439,7435,1971,6926,6854,6828,8912,20952,13662,4460,39499,21827,16633,49342,1610,13224,5873,32231,86325,5706,2274,30501,22164,11782,20798,3610,912793
2014,9,26644,5979,17266,11018,69501,27229,11589,3161,62427,20282,0,7566,29072,27464,2865,9728,15670,29327,7327,7179,6901,20140,23067,16890,31212,8130,2265,6717,6727,6470,8695,24765,13806,5323,40613,22057,19478,51329,1560,12869,6750,32088,86061,6751,2739,31617,23406,13182,23246,4147,950295
2014,10,29891,8939,18617,14913,76972,31164,13707,3642,65742,24881,0,7890,32728,32407,3868,11364,20858,26190,9649,8493,8691,22722,25628,14880,40254,9661,2844,7146,8176,7435,10345,30634,17341,7064,50447,26431,20640,60908,1878,15455,8953,37530,89542,6637,3098,36216,27748,16202,27431,4396,1088248
2014,11,40310,7316,20456,18136,82830,33712,14230,4628,73628,30564,0,7955,38442,38576,5215,15648,25221,31225,7061,11283,8593,26478,20648,20057,51945,8039,3917,7581,7695,7612,10625,29719,24231,5649,61601,33540,21951,70939,1812,20364,8246,46976,111250,9438,2829,43747,32588,19474,26080,4496,1254556
2014,12,54982,8955,27139,22970,121135,42670,17315,5579,91964,43738,0,11605,45579,46464,5879,18873,32965,42392,8739,11323,9315,28091,23385,28702,55599,11097,4679,10141,9283,8712,14010,31520,29715,6213,69455,41780,28340,74565,1981,27110,9310,61819,151323,13206,3148,49727,37033,23482,27562,6341,1556910
2015,1,30823,4821,18626,11576,65144,29599,14012,3672,70033,23912,0,6250,33703,32046,2736,11936,18068,22405,5187,7457,8167,17810,17058,13593,37271,5878,2253,6949,6867,7144,8978,22218,15188,4629,45296,24883,19367,52766,1711,15719,6365,38174,85708,6573,2370,36300,25096,13452,19581,3682,983052
2015,2,39798,6047,23593,16658,69375,33375,13942,3970,81895,35059,0,8618,38007,39828,3294,14600,24747,24418,5821,7652,7219,23613,20723,19305,44372,7871,2316,8938,6825,7229,11453,22651,17170,4845,56250,29288,24162,60613,1752,21905,8000,45058,106582,8114,3218,40276,29377,18240,26500,4495,1179057
2015,3,32010,6583,22075,13363,72539,34026,16391,4038,73372,26844,0,8063,28527,37945,3537,12965,19546,23330,7212,8655,10903,24782,24024,15167,40923,8366,2183,8526,8173,8529,11634,25167,14183,5585,55840,26617,23798,67414,1947,17133,7506,38097,95745,7373,3112,39018,29024,17018,29926,4493,1123227
2015,4,25968,6401,18818,9927,65391,29556,13381,3069,62313,19160,0,6740,29700,28468,2391,10652,15568,17665,6396,8459,8336,19121,21356,11272,31984,7147,1734,6833,7390,7594,9344,23209,11354,4353,45243,22944,20543,53064,1704,13266,5911,31387,75129,6131,3078,30996,25172,13199,24219,3830,926866
2015,5,25816,5547,17942,9190,65071,28567,12754,2887,60302,17698,0,6608,29446,26040,1969,9664,13032,17351,5084,6739,7203,16551,16511,10800,28725,7246,1583,7193,6337,6704,9310,18846,10212,3973,37435,20035,19259,45244,1542,12481,5460,30015,79746,6164,2168,27599,22978,10663,19173,3819,856682
2015,6,25299,5122,16462,8977,59845,27375,12749,2859,60091,18175,0,5722,26479,24555,1845,8213,13160,18002,5295,6808,6918,15817,14797,10019,27722,6453,1395,6505,6165,7007,8436,19134,10270,3455,37859,18484,17734,45740,1505,12475,4727,29670,75395,5582,2130,27398,21867,10411,18013,3243,823359
2015,7,29423,5428,17458,9778,71819,28350,11830,2765,64370,20244,0,5978,28414,25557,1708,10003,14573,20356,5678,6776,7076,15967,14749,12720,28741,6453,1452,6671,6285,6588,8584,18627,11026,3599,38718,19824,17985,45172,1455,14128,4772,35987,73720,5746,2217,31783,21921,10699,19542,3440,876155
2015,8,33203,6313,18283,11731,64130,30146,11991,3081,66551,22881,0,7177,29816,29830,2475,11255,16254,26876,6521,7209,8317,19008,19500,14993,31519,7692,2115,6823,7047,6537,9398,20525,13623,4394,41105,22897,19378,49514,1470,16040,6315,39322,86748,6442,2463,31778,23661,11919,23538,3803,963607
2015,9,30959,5620,19104,12450,59797,29910,12062,3010,65148,22924,0,8110,30910,30242,2733,10587,17309,34081,7857,7551,7412,20819,23218,19498,31465,8590,2164,7137,7020,6056,9491,24106,14497,4901,42574,21301,21556,50967,1550,15711,6851,37028,89953,7123,2678,33473,26013,12610,25495,3970,995591
2015,10,34259,9015,19527,14932,68040,33883,13696,3723,72173,26435,0,8766,32352,34174,3520,12165,21321,27416,10432,9647,8903,24741,27705,16663,39559,9882,2837,7306,8333,7315,10264,28926,17553,6674,50568,24174,25358,61040,1904,16222,9607,43058,90067,6990,3248,38588,29264,15414,30294,3991,1121924
2015,11,47709,6646,22748,18514,80747,37949,16800,4713,84002,33068,0,9215,42671,47667,4894,16495,27904,33566,8741,11635,10591,31861,24362,23766,46051,8305,3930,8641,9109,8313,10832,32983,22255,5608,69570,31534,25418,79049,2078,22844,8543,54138,114191,10628,3134,47374,30091,19216,31962,4308,1356369
2015,12,84765,10473,42609,29907,132744,61086,24479,7201,139879,62229,0,15432,59355,73928,6149,25626,47067,55359,13485,15120,15311,45498,33380,40200,77312,13591,5126,15399,14982,11018,17641,44516,35347,7521,103571,52393,41014,108813,3322,39185,12757,90450,196561,18414,4723,72295,51205,30076,43921,7966,2160401
2016,1,42380,5568,25939,14581,92163,39555,17698,4339,93957,29150,0,8463,45794,46819,2945,16743,22379,27555,8125,9654,11579,28521,22339,17757,47570,7324,2485,9445,10952,8683,10820,28873,15398,4900,60423,31753,26333,67579,2577,19664,8081,48253,117478,8816,3441,43654,34524,13594,29704,4428,1300755
2016,2,46477,6016,27335,18456,79230,38091,17841,4560,93205,36838,0,9259,44819,49880,3190,16530,31198,27166,9049,10372,9822,31478,23582,23410,50368,8409,2270,10335,10423,9811,13403,28620,17745,4703,70273,32212,28781,73724,2352,23653,8600,56106,117611,8892,4168,47166,35269,19296,32779,4612,1379385
2016,3,24450,6319,23791,13623,82727,35086,18582,4134,80786,27796,0,8566,43005,43666,3291,13756,23085,22642,8466,10399,11014,29179,26300,17684,44701,8310,2097,9704,9567,11138,11653,28842,14627,4825,63377,25649,27023,72788,2479,19241,7449,43959,92770,8103,3852,41905,32706,16560,34117,4259,1220048
2016,4,17451,6167,21787,10321,77242,32510,16047,3325,72797,21265,0,7432,36896,34609,2666,10932,17431,19484,7586,9424,9996,22879,26120,13508,34407,7711,1789,8406,8880,10465,9808,27027,12346,5076,53485,23160,23100,63115,2068,14896,6786,36005,78226,7597,3212,35795,27639,12942,29752,3912,1045480
2016,5,13707,5323,18942,8508,73148,29400,13527,2966,64001,17157,0,6771,28548,27614,1709,8745,13929,16423,5756,8398,8247,16830,17387,11078,28861,6903,1369,7110,7049,9770,8305,21768,10312,3117,41696,18340,21232,48756,1613,12096,5169,30567,69348,6561,2242,29837,25472,10860,20520,3354,870341
2016,6,17405,6662,23586,10691,91227,35642,16292,3681,92959,22365,0,8062,35955,32761,2217,10551,16224,22267,6860,9339,10600,19460,20251,13211,34836,7752,1737,8700,8821,10806,10398,23680,14096,3917,44980,22961,25454,56553,2266,16246,6051,39135,86839,7661,2681,36605,33594,12190,24851,3975,1075053
2016,7,18527,6118,24261,12068,111252,36500,15595,3642,92730,25206,0,7618,34183,33943,2441,11808,16848,36373,6884,9618,13302,20152,20236,17445,37045,7188,1654,8836,9100,10074,10121,25308,14884,3970,48994,22433,24791,58655,2340,16915,5906,43768,91509,7087,2668,42466,29959,12267,23937,3618,1142243
2016,8,16787,6594,22371,12314,100082,34452,14100,3400,78675,22883,0,7772,93310,34346,2552,11111,16755,25425,7251,9470,9046,20427,22350,21290,36130,7755,1952,7825,8343,9728,10031,26142,14656,4046,46573,22439,22834,57859,2058,16558,6281,40125,88055,6697,2720,37888,28687,12787,27595,4001,1142528
2016,9,16265,6141,22445,11641,95776,34190,8000,3813,73537,22993,0,8799,32947,32731,2882,11176,17936,28180,9564,9209,9271,22079,26869,14149,35608,8500,2271,7579,9054,9309,9724,28596,16053,4837,45029,21320,26371,58829,2028,16648,7550,36982,85490,7636,3126,37966,31769,13309,28791,3916,1078884
2016,10,17454,8476,23692,14524,119344,40335,9220,4378,83223,27317,0,10178,49815,40469,3814,14254,21014,27260,12000,11278,10637,27124,31482,16643,45742,10208,2993,9813,10902,10175,11027,33250,18592,6363,56697,24864,28161,73099,2420,18061,10596,43615,97701,8536,3767,46039,37451,15216,33888,4259,1287366
2016,11,24671,7980,28961,19809,169619,47057,10456,5471,104446,36129,0,11443,48674,51015,5562,19020,28660,34811,9711,15123,12447,35033,29286,23747,52827,9103,3938,11417,11346,11317,13033,37879,26125,5575,73287,35729,32724,86717,2631,25560,9716,57197,122205,12627,3499,57665,38851,19756,38128,5049,1583032
2016,12,32161,8219,33692,23287,234802,49893,11275,5913,115805,47930,0,12961,47853,54393,5238,19832,35121,43153,9863,14039,11523,30002,26638,31294,59524,10038,3998,12203,11034,10577,15431,35936,31378,4915,74045,39594,34941,82948,2518,31616,9175,69721,145284,16026,3973,61499,40974,23378,32412,5753,1773778
2017,1,13921,3973,20962,11007,67100,31163,8366,3419,78411,21300,0,5995,36546,34608,2239,11463,17132,20701,5943,9919,9473,18352,17825,12943,35749,5074,1843,7101,8316,9274,9049,25704,13281,3443,44885,21403,21056,54938,2121,16365,5610,37701,79227,6225,2686,36514,27930,11448,22021,2944,974669
2017,2,18563,5330,26328,14739,72248,36910,8770,4171,87795,29658,0,8412,41055,42666,2767,14524,24908,21813,6698,10717,9741,26184,22854,18189,45608,6827,2133,8985,9348,9601,12573,26852,16093,4180,57925,25964,28151,66878,2312,22150,7559,49966,96630,8885,3586,46191,33672,16069,31309,3721,1198208
2017,3,18254,6133,25791,14652,79603,38336,10209,4439,90554,29983,0,9976,46136,45324,3519,14152,23753,23815,8346,11448,11344,28024,28666,18903,48379,8779,2191,9856,10970,10993,12221,29828,16642,4578,61264,26317,30698,77129,2521,21404,7627,46817,96839,8695,4034,48820,36007,16350,37773,4313,1272405
2017,4,12345,6291,22554,10374,73184,34196,8798,3445,77508,20653,0,8269,36675,34679,2659,11046,17067,18001,7314,9814,9862,22387,26643,12850,36683,7641,1793,8167,8953,9119,10457,27819,12204,4907,50236,24449,26020,60229,2101,15642,6360,35716,78549,7445,3804,47551,30159,12608,30921,3537,1049684
2017,5,12320,5696,20129,9654,69697,30340,8035,2980,73084,19222,0,7341,32270,29271,2011,9504,14724,17939,6184,9025,8149,18131,16471,11543,31682,6791,1393,7394,7249,8694,9242,25630,11371,3431,40588,19494,22379,53926,1853,14603,5345,34130,75574,6562,2570,34847,27798,10730,24304,3359,924659
2017,6,13645,5578,19786,10186,69296,31268,8211,2946,76766,20982,0,7711,31675,29678,1778,10048,14722,19429,5617,8200,8377,19411,14564,12666,33064,7127,1384,7247,7414,7790,9320,23210,11937,3524,39536,21051,22851,52725,1861,16882,5059,36164,83321,6504,2381,36081,28777,10131,24103,3256,945240
2017,7,11318,5787,18100,8590,61262,29152,7501,2548,71190,17616,0,6503,29077,26914,1769,9153,13014,16650,5220,7822,6634,17539,13590,10508,29119,5768,1311,6051,6787,7034,8677,21562,11106,3463,37307,17625,19038,49182,1622,12812,4580,32829,69004,5310,2273,35040,23576,9954,22112,2785,843384
2017,8,12861,6144,20085,10667,70388,31583,7567,3072,73294,20418,0,7573,31919,30945,2160,10408,15297,20175,6343,8644,7848,20475,17473,17613,33541,6980,1799,6773,7173,7443,9461,23447,13988,4224,38155,20477,20762,53876,1701,15462,5606,35360,76728,6134,2669,36884,25716,10179,27750,3321,948561
2017,9,12592,5629,20560,10941,64730,31268,7101,3086,61188,19724,0,8691,29305,29145,2819,10146,16451,23479,7611,8488,8164,19872,18158,12906,33429,7629,2114,6989,7793,7165,10454,25788,13465,4459,38311,19437,23337,53095,1759,14285,6470,34007,83776,7012,3037,35851,27050,11968,24706,3510,938950
2017,10,13788,7194,20458,12880,69274,35792,7655,3341,80195,23534,0,9318,33400,31271,3367,11600,18364,23218,9337,10574,8567,23190,20182,14598,40075,8868,2602,7906,8145,7852,11345,27722,16374,5319,43704,22059,23403,59594,2048,16234,8075,39030,87240,7619,3454,39256,30619,13632,28109,3634,1055015
2017,11,22377,6863,26028,19358,84861,44293,8823,4230,99532,32844,0,11433,43381,46091,5183,17499,27283,31370,7726,13184,10070,33347,17966,22948,51941,8825,3854,9470,9149,9433,13793,32402,23196,5550,63007,34197,29093,76608,2136,22731,8833,57142,118401,11896,3229,52133,35666,18928,33297,4992,1376592
2017,12,29563,7660,32604,23080,87738,50838,9706,5000,111764,42592,0,13926,44024,49403,4964,20442,33985,38059,8687,13000,10024,28136,17108,30392,59129,10711,4006,11159,9827,9341,16633,31404,28838,5496,65229,37768,33752,77694,2236,30060,9345,68669,145346,15404,3746,59657,40400,22781,31248,6152,1548726
2018,1,12455,3851,20256,10551,63749,32028,7257,2797,74103,19063,0,6746,32438,29963,2185,10893,14655,17405,4893,9222,7571,15588,9908,12132,31828,5059,1857,7037,6769,8010,9513,20536,12250,3442,36463,20204,21669,47577,1839,14016,5341,34520,75906,6632,2260,34065,28931,10204,19815,3223,888675
2018,2,17235,4661,26299,15028,67239,37622,8649,3725,91005,28544,0,9161,39807,40609,2797,14451,24752,21459,6875,10125,8974,23589,13021,18486,44262,6848,2133,9010,9035,8459,13208,25887,16700,4156,54381,26794,27053,66308,2587,20753,6755,49906,99393,8655,3852,45849,32579,15901,28618,4031,1167226
2018,3,18632,7028,30509,16606,84416,46573,10548,5376,104257,32528,0,12071,50686,49322,3838,16756,26490,24820,9489,13802,11466,31524,20534,20301,53439,10113,2632,10931,11756,10195,15553,31422,19911,5748,66104,31046,34884,87676,3459,23058,8497,53916,107961,11174,6157,54568,42151,19585,40188,5451,1415147
2018,4,12261,6630,22136,10055,67121,35250,7638,4012,75454,19929,0,8687,35752,33404,2355,10907,16482,17639,7740,10256,8287,20996,17035,12508,35330,7218,1622,7762,9331,8958,10893,26699,12786,4721,43704,22465,26380,60565,2282,15116,5837,37014,74830,7569,5067,36419,31249,12467,29424,4035,1002277
2018,5,11290,6748,19260,8311,63225,29538,6575,2784,69414,17769,0,7707,27672,26056,1644,8298,13094,15678,5830,8623,7109,15450,10102,10868,28216,6548,1277,6964,7406,8037,9416,20731,10703,3324,31872,18549,22335,50466,1841,12809,4542,31782,67920,6544,2800,30860,27068,9891,19930,3805,838681
2018,6,11312,5527,18430,8814,60217,28326,6766,2673,65646,18196,0,7884,26204,25792,1547,8463,12643,17454,5383,7873,6795,15201,9264,11048,28974,6353,1212,6769,7130,7413,9211,19666,10409,3183,29909,19025,21362,48126,1622,13194,4465,33025,72191,5922,2709,30053,26931,9674,18375,3468,821829
2018,7,10094,4948,17652,8396,54676,27666,6435,2430,61058,15889,0,6774,25261,23407,1580,8687,11479,15889,5201,7279,5886,14467,8880,10024,26771,5683,1198,5962,6637,6857,8823,17672,9797,3018,29077,16900,18245,43261,1428,11865,4094,30099,63387,5346,2297,31060,24199,8959,17551,3181,757425
2018,8,12224,6051,19400,10967,63400,30585,6814,2567,65072,19230,0,7712,28515,28053,2119,9669,14287,19160,6155,8286,7367,16679,12416,14898,32738,6802,1611,6770,7482,7216,10094,20839,12325,3940,33006,20211,20699,50101,1690,14786,5347,35273,78288,5900,2761,32752,26802,10613,22843,3815,886330
2018,9,11322,5049,18686,9811,56537,28562,6432,2538,57638,18378,0,8416,26861,25566,2558,9069,13365,19506,7152,7939,6484,18118,15374,13173,30310,7343,1650,6333,7478,6138,9277,23970,10672,4635,32750,17681,22374,49392,1571,12217,5869,31830,71907,6352,3573,31411,27066,11404,24773,4012,850522
2018,10,11644,6892,17887,11671,58518,30226,7189,3122,61827,19833,0,8508,29447,29254,2897,9835,15949,19768,8426,9285,6979,20587,20140,13361,35572,7976,2309,6254,7768,6674,9365,25632,14401,5385,36366,19567,21870,56022,1835,13973,7389,35314,70957,6503,3208,33611,30019,12920,27447,3831,925413
2018,11,20221,6091,23316,17149,71516,37413,8272,3857,82773,29639,0,10604,38146,41774,4665,14443,24501,27644,6952,11306,8238,29814,18586,21197,44775,7855,3201,8557,8660,7216,12202,28269,21755,5191,54502,29898,26775,69815,2034,21395,7926,52280,101080,9913,2958,45089,46195,17852,33091,4730,1231331
2018,12,25922,6701,29294,20641,78433,44578,9357,4687,97523,39367,0,13336,43221,46731,4731,17255,29697,32913,8668,11959,8384,28027,21663,27300,51677,9557,3534,10619,9998,7659,14468,30891,26198,5229,58848,34381,31364,75607,2100,26930,7813,63333,127099,13060,3712,51701,50959,21484,31960,5996,1426565
2019,1,12781,3991,20505,11019,63091,30784,8101,3368,71904,20447,0,7714,32546,30107,2083,10835,15343,17738,5557,8854,7432,16493,16560,13216,31574,5329,1871,8051,7320,6762,9711,22562,13709,3689,34339,20845,22758,51984,1979,16319,5311,37939,72988,6195,2399,36622,32861,11080,22711,3425,920802
2019,2,14384,4617,23290,13328,62862,33146,7931,3106,75508,25328,0,8121,37345,34931,2154,12019,20584,19269,5812,8621,7519,19712,16391,16388,36653,5712,1578,8711,8736,6917,12554,22405,14348,3706,42395,23623,23652,60884,1999,19692,5921,42771,84651,6798,3152,40319,29718,13647,24816,3977,1021701
2019,3,17138,6549,26859,14651,74996,39393,9322,4062,85439,29856,0,11359,43883,43357,3278,14505,25071,21673,7773,10548,9093,26852,25924,18186,45297,8582,2091,10614,9925,8251,14731,27841,16228,5238,51969,27902,29376,77018,2486,21889,7167,47277,93999,9350,4038,47140,38696,16418,36529,5148,1234967
2019,4,11790,5847,21746,9633,67583,31404,7067,3081,69236,18893,0,8600,30845,30425,2006,9324,16964,15667,6449,8392,6756,18672,24041,11781,30413,7027,1427,7610,7830,8014,10676,23446,11543,4497,37602,20029,23246,54750,2057,14483,5595,33691,68621,6961,3216,33661,32487,11269,28331,4083,928767
2019,5,11102,5642,19922,8813,65732,29740,6931,2845,65483,17392,0,8068,26289,25258,1614,8726,13338,14893,5694,7144,6491,15839,17511,11015,28817,6427,1182,6824,6613,7555,9747,19852,10279,3650,29768,17879,20780,48870,1721,13337,4836,32328,69412,6183,2643,29210,34810,9078,21513,3826,842622
2019,6,12198,4886,19271,8617,70618,28501,6278,2438,64080,17320,0,7773,25127,25308,1440,7929,14026,13972,5099,6606,6555,14825,14735,9951,27781,6189,1215,6753,6618,7103,9377,17730,10398,3444,30367,17547,20176,46375,1491,13462,4721,31995,67886,5647,2260,32349,62750,9197,19462,3666,853512
2019,7,15325,4709,18854,8130,54715,27305,6047,2518,62759,15794,0,7335,23401,23358,1410,8135,13538,13779,4808,6378,6116,13669,14412,9860,26391,6061,1147,6296,6087,6961,9421,16371,9906,3344,27224,16451,19324,43894,1465,11968,4536,30801,60624,5322,2167,31627,21179,8420,17446,3352,760140
2019,8,33905,6273,25062,11505,65691,32272,7303,3224,80468,22035,0,9298,29176,33882,2166,10836,18461,19692,6963,8151,8086,19348,21165,17229,36305,7422,1718,8162,8137,7598,11903,21022,14661,4705,37787,21709,23436,56918,1810,16952,6029,41830,93254,6318,2915,40211,23919,11293,25822,4056,1028083
2019,9,28710,5513,22092,10326,57026,29438,6418,2971,69341,19392,0,9045,28042,28518,2457,9468,16044,19831,7834,7865,6511,21382,23867,12762,31262,7691,1719,7016,7596,7263,10189,26292,13214,5030,32601,18680,22589,54707,1727,13892,6008,35244,84741,6644,2969,36084,24024,10374,27238,4125,943772
2019,10,32467,7508,20988,12724,59331,31174,6839,3590,73644,22205,0,9932,28403,31102,3164,10954,18716,20923,9199,9272,7245,23268,26448,14303,38153,8682,2286,7530,8312,7211,10346,26927,15416,5332,37853,21786,24088,61519,1894,16278,7797,38583,81838,7029,3329,39423,26413,12563,29598,4207,1027792
2019,11,45664,6611,24268,17305,62972,34643,7921,3930,85886,30547,0,11405,34714,42696,4902,15550,26046,25911,7749,10783,8235,33750,24108,21718,45019,8008,3112,8423,8385,7835,11921,28274,22463,5208,53587,34269,26617,72223,2017,22401,7742,50633,106305,9521,3082,56663,26601,16519,34611,4817,1263570
2019,12,61844,7147,31270,20617,76300,42307,8576,4590,106623,40865,0,14698,39157,48830,4776,17937,32138,32659,8329,11273,8011,29718,22613,28602,51973,10241,3426,10690,9048,8304,13983,27294,27044,5621,57969,36227,31630,73490,2212,28422,8215,64592,131229,13083,3457,75686,36035,19664,32945,6734,1488094
2020,1,37399,4134,24710,12948,61072,33963,8701,3831,81403,23654,0,8675,33095,37857,2282,12887,20939,19693,6725,9628,8834,21222,18429,15513,36749,6389,2071,8297,9025,8193,11484,25119,16308,4277,40352,25509,24504,59866,2456,18690,6051,45233,89383,6898,3032,67528,31096,13061,25573,4083,1098821
2020,2,39563,4913,27661,14470,62436,33870,10770,3697,86417,28990,0,10441,33417,41745,2694,14672,25821,20271,7346,10264,9232,24985,22023,18744,41185,7151,1984,9639,9013,8407,12943,25481,16722,4864,48209,27278,27148,68910,2350,22267,7023,49516,97390,7991,3620,65863,31621,15638,30623,4621,1201899
2020,3,56074,9349,73002,25757,135200,71406,17907,7645,167355,64464,0,21234,63647,73343,6260,27520,46135,37916,14078,23127,16188,84293,38436,28667,69572,13702,3889,19602,20816,10817,22346,54020,36862,8314,98844,43227,52507,103380,5627,38167,10439,77657,223724,23201,6994,82857,58134,21670,62521,8047,2285939
2020,4,44190,7972,52024,23567,97308,50271,9017,5169,119510,48145,0,17515,42966,48319,3667,17475,34901,28031,10822,14360,2843,40398,26049,26175,54082,12307,2379,17409,13572,8965,12258,22094,25184,6313,60057,35681,38762,68859,3626,30138,7836,59284,145059,17011,5597,64509,47127,19168,40481,7637,1596089
2020,5,48777,8313,43878,19558,85860,45746,8041,4428,104166,48592,0,16067,37919,47878,3198,16970,33912,30086,9910,12977,9640,63772,27242,26777,51385,12288,2173,16031,11771,9589,15769,22485,22742,5786,59274,31287,35964,72795,2969,31910,6747,58190,128968,13374,4945,58273,43773,18421,38366,5911,1534893
2020,6,71615,8561,64245,24588,125630,56624,11317,7806,184583,66868,0,19507,66116,60859,4416,20435,40708,42323,11426,18823,13132,79474,32173,34340,59718,13078,2688,19917,14322,13455,19193,47975,31598,7141,80887,38821,41169,114747,4886,43029,8453,74402,178596,17849,4888,83263,59082,19543,50311,7320,2121900
2020,7,55827,9446,48678,20883,113820,48127,10668,6265,151430,56825,0,16290,45463,51514,2984,17619,33246,38691,9867,16279,10339,69959,31260,29859,53233,11026,2102,17121,11920,14276,16401,39043,25348,5942,66269,33440,34383,100198,3766,33838,7249,64917,147546,14505,4433,69927,52932,16586,40733,6541,1789014
2020,8,46380,8859,42396,18250,112110,45799,9582,5613,125961,41544,0,15664,43652,48342,3525,16489,31059,29408,9892,16329,11365,62610,34432,27160,47270,11102,2454,14488,11200,16778,15098,36559,23188,6198,60616,29017,33786,93723,3399,27818,8192,57913,130519,12367,4314,60855,47324,15245,45534,6616,1627994
2020,9,43438,7154,39926,18105,105711,43773,9828,5727,114699,39582,0,15734,42997,45379,3826,15466,28066,30354,11656,18406,11807,61344,37301,20575,45626,11798,2515,13422,11583,20600,14074,39426,23318,6474,55250,28551,33901,93432,3647,25655,8575,52734,123083,13187,4620,54997,45514,14447,45270,6371,1568924
2020,10,44850,6955,40965,19305,113981,47545,11370,6786,125439,43338,0,16555,44822,49419,4424,17510,30176,30445,13968,20881,14202,67014,39442,22316,51746,12201,3229,13469,13326,21297,14066,42923,25718,7205,61955,29209,36535,103233,4103,28878,10353,57816,125490,14324,5177,65459,48195,16310,47153,6199,1697277
2020,11,57139,8114,44365,24127,101440,52269,12354,7012,135207,49707,0,19765,48782,57455,6204,22575,35295,38740,11604,22675,14822,74300,36060,29294,59562,12492,4550,14675,14659,22748,13902,43517,33670,7277,74326,38268,37642,110143,4135,34502,11523,71390,144602,19390,4931,67421,50570,20808,49234,8693,1883935
2020,12,63279,8143,42992,24803,106230,49717,11117,6266,131006,51023,0,20189,47390,55660,5071,21124,38296,40120,11017,20322,13052,67045,33247,32583,59919,13915,4006,13814,12756,20934,17144,38662,32536,7212,64028,39396,37700,92251,3328,32960,10658,74415,147207,19127,5075,67804,49894,20518,42398,8603,1835952
2021,1,60917,8388,47900,23347,98089,54459,14244,7061,148814,52855,0,21184,55814,64572,4562,23419,38078,35413,12805,23194,17023,78125,37128,27947,63614,13798,3349,14581,17123,27963,17519,42238,30358,7975,76531,40840,39467,114304,4368,33626,11171,78124,141369,17550,5947,70569,52214,21009,48677,8271,1957893
2021,2,39503,6183,33389,13195,75203,39288,9480,4649,101037,33587,0,13751,36948,42600,2733,14678,22209,22707,8155,16122,11710,49560,27995,16707,41217,8921,2021,10855,10748,20045,13533,29527,19549,5229,47803,24076,26249,77198,3396,23992,8140,48959,88355,11520,3842,50132,40607,13370,34362,5420,1310455
2021,3,59024,9467,52249,26321,92932,56019,13622,6440,135466,53088,0,20686,53859,60151,4299,22885,38428,38057,13295,20832,14837,71095,40589,31395,65739,14985,2994,14336,15267,24331,20635,40241,27433,8155,69764,39430,37670,105365,4222,35569,10763,74774,154016,17322,5861,70101,50667,20833,54356,8169,1928034
